sample_id;prediction
131672_1767670500;-13.2
131672_1767670800;29.6
131672_1767671100;91.4
131672_1767671400;103.1
134040_1767672000;38.0
134040_1767672300;45.1
134040_1767672600;53.1
134040_1767672900;28.6
134040_1767673200;58.9
134040_1767673500;84.1
122048_1767673800;137.1
122048_1767674100;64.6
122048_1767674400;-17.7
122048_1767674700;-49.8
122048_1767675000;0.8
122048_1767675300;-10.7
131672_1767675600;-10.9
131672_1767675900;-38.5
131672_1767676200;-71.9
131672_1767676500;-29.2
131672_1767676800;-36.9
131672_1767677100;-30.0
122658_1767679500;14.3
122658_1767679800;67.6
122658_1767680100;62.4
122658_1767680400;91.8
122658_1767680700;191.8
134040_1767684600;8.1
130238_1767684600;27.2
130238_1767684900;21.4
134040_1767684900;48.8
134040_1767685200;137.8
130238_1767685200;25.8
134040_1767685500;134.4
130238_1767685500;65.1
134040_1767685800;108.9
130238_1767685800;52.7
130238_1767686100;108.2
134040_1767686100;74.1
122658_1767686400;-0.6
122658_1767686700;-4.7
122658_1767687000;-0.3
122658_1767687300;-0.6
122658_1767687600;78.3
122658_1767687900;100.9
122613_1767690000;17.1
122613_1767690300;18.3
122613_1767690600;10.4
122613_1767690900;65.0
122613_1767691200;68.7
122613_1767691500;99.6
122048_1767695400;-81.8
122048_1767695700;-19.6
122048_1767696000;44.6
122048_1767696300;100.0
122048_1767696600;113.5
122048_1767696900;-40.6
133300_1767699000;-18.5
122048_1767699000;-162.7
133300_1767699300;-29.0
122048_1767699300;-82.4
122048_1767699600;-124.1
133300_1767699600;6.0
122048_1767699900;-133.2
133300_1767699900;13.3
122048_1767700200;0.4
133300_1767700200;60.9
122048_1767700500;113.1
133300_1767700500;61.7
133957_1767700800;32.9
133957_1767701100;78.9
133957_1767701400;24.6
133957_1767701700;13.0
133957_1767702000;88.6
133957_1767702300;80.0
129964_1767702600;15.1
129964_1767702900;-27.5
129964_1767703200;-43.8
129964_1767703500;-33.5
129964_1767704100;-77.3
122658_1767706200;7.8
122658_1767706500;-12.5
122658_1767706800;-2.0
122658_1767707100;-3.3
122658_1767707400;-4.9
131672_1767709800;108.1
122048_1767709800;-156.4
131672_1767710100;-32.6
122048_1767710100;-57.8
131672_1767710400;-59.6
122048_1767710400;-69.6
122048_1767710700;-35.3
131672_1767710700;-76.9
131672_1767711000;-22.6
122048_1767711000;82.9
122048_1767711300;3.5
131672_1767711300;-37.3
132430_1767713400;240.0
133300_1767713400;-47.5
132430_1767713700;284.0
133300_1767713700;-14.7
133300_1767714000;62.3
132430_1767714000;268.5
132430_1767714300;134.9
133300_1767714600;-73.5
132430_1767714600;228.4
132430_1767714900;191.9
133300_1767714900;-22.3
122048_1767717000;-9.0
122048_1767717300;-6.4
122048_1767717600;-32.8
122613_1767718800;69.8
132430_1767720000;40.4
132430_1767720300;83.9
131672_1767722400;89.1
131672_1767722700;169.7
131672_1767723000;184.4
131672_1767723300;220.9
131672_1767723600;328.5
131672_1767723900;279.1
133957_1767724200;247.8
132430_1767727800;280.3
132430_1767728100;342.3
132430_1767728400;223.9
132430_1767728700;194.2
132430_1767729000;121.9
132430_1767729300;136.4
122048_1767731400;-0.6
122048_1767731700;5.0
122048_1767732000;109.5
122048_1767732300;72.1
122048_1767732600;0.8
122048_1767732900;12.6
134040_1767733200;302.0
134040_1767733500;315.5
134040_1767733800;381.7
134040_1767734100;427.3
134040_1767734400;421.1
134040_1767734700;347.9
130072_1767736800;3.9
130072_1767737100;7.9
130072_1767737400;-1.6
130072_1767737700;-4.4
130072_1767738000;-0.5
130072_1767738300;7.2
130072_1767742200;21.3
130072_1767742500;14.6
130072_1767742800;19.6
130072_1767743100;23.9
130072_1767743400;8.6
130072_1767743700;-17.0
